match_id,player_name,team_name,kills,deaths,damage,bp_rtg
93815,KiSMET,LA Guerrillas M8,96,93,12214,0.98
93815,Lynz,LA Guerrillas M8,113,96,12946,1.17
93815,Priestahh,LA Guerrillas M8,83,91,12648,0.95
93815,Skyz,LA Guerrillas M8,107,78,14754,1.2
93815,Estreal,Minnesota RØKKR,95,101,12024,0.92
93815,Gio,Minnesota RØKKR,80,98,12456,0.94
93815,Nero,Minnesota RØKKR,97,100,12117,0.96
93815,PaulEhx,Minnesota RØKKR,86,100,13534,0.87
93816,Dashy,OpTic Texas,103,93,14563,1.07
93816,Kenny,OpTic Texas,78,104,10298,0.81
93816,Pred,OpTic Texas,98,88,11417,1.1
93816,Shotzzy,OpTic Texas,114,91,13544,1.18
93816,Cammy,Boston Breach,104,94,13121,1.06
93816,Owakening,Boston Breach,92,93,11825,0.95
93816,Purj,Boston Breach,84,109,11951,0.85
93816,Snoopy,Boston Breach,96,97,11569,0.99
93817,Exnid,Vegas Falcons,71,79,9479,0.87
93817,Khhx,Vegas Falcons,80,66,9378,1.11
93817,KingAbody,Vegas Falcons,62,79,7731,0.81
93817,Roxas,Vegas Falcons,65,67,9422,0.97
93817,Gwinn,Carolina Royal Ravens,83,67,9324,1.18
93817,SlasheR,Carolina Royal Ravens,80,65,10384,1.17
93817,TJHaLy,Carolina Royal Ravens,66,75,8294,0.96
93817,Vivid,Carolina Royal Ravens,60,71,9157,0.92
93818,aBeZy,Atlanta FaZe,81,73,9413,1.02
93818,Cellium,Atlanta FaZe,65,69,9968,0.95
93818,Drazah,Atlanta FaZe,70,78,10254,0.91
93818,Simp,Atlanta FaZe,64,69,8606,0.89
93818,Beans,Toronto Ultra,72,68,10602,1.03
93818,CleanX,Toronto Ultra,90,71,10114,1.23
93818,Insight,Toronto Ultra,59,66,9065,0.96
93818,JoeDeceives,Toronto Ultra,68,75,8913,1.02
93819,Lucky,Miami Heretics,55,54,7451,1.13
93819,MettalZ,Miami Heretics,61,53,7423,1.21
93819,ReeaL,Miami Heretics,64,58,8104,1.24
93819,RenKoR,Miami Heretics,61,57,8178,1.1
93819,Exnid,Vegas Falcons,60,65,8039,0.82
93819,Khhx,Vegas Falcons,64,50,8181,1.01
93819,KingAbody,Vegas Falcons,43,63,6239,0.7
93819,Roxas,Vegas Falcons,55,64,7424,0.79
93820,Estreal,Minnesota RØKKR,60,89,9775,0.74
93820,Gio,Minnesota RØKKR,74,93,10739,0.79
93820,Nero,Minnesota RØKKR,91,93,11120,0.9
93820,PaulEhx,Minnesota RØKKR,93,81,11937,1.06
93820,Cammy,Boston Breach,82,74,10737,1.09
93820,Owakening,Boston Breach,80,76,11770,1.07
93820,Purj,Boston Breach,95,84,11858,1.16
93820,Snoopy,Boston Breach,99,84,10642,1.2
93821,04,Vancouver Surge,91,98,10843,0.93
93821,Abuzah,Vancouver Surge,79,100,12578,0.81
93821,Hicksy,Vancouver Surge,99,88,11935,1.07
93821,Nastie,Vancouver Surge,88,89,11802,1.02
93821,Beans,Toronto Ultra,95,86,12865,1.08
93821,CleanX,Toronto Ultra,99,97,12192,1.01
93821,Insight,Toronto Ultra,86,78,12175,1.08
93821,JoeDeceives,Toronto Ultra,95,96,11545,1.0
93822,Envoy,Los Angeles Thieves,87,74,10155,1.32
93822,Ghosty,Los Angeles Thieves,66,66,9266,1.21
93822,HyDra,Los Angeles Thieves,103,72,11115,1.39
93822,Scrap,Los Angeles Thieves,86,69,11174,1.33
93822,Attach,Cloud9 New York,62,88,8987,0.62
93822,Kremp,Cloud9 New York,72,86,9416,0.69
93822,Mack,Cloud9 New York,81,84,9031,0.78
93822,Sib,Cloud9 New York,66,87,10074,0.67
93823,KiSMET,LA Guerrillas M8,93,93,10566,0.91
93823,Lynz,LA Guerrillas M8,80,87,10143,0.92
93823,Priestahh,LA Guerrillas M8,67,82,9479,0.89
93823,Skyz,LA Guerrillas M8,65,84,9600,0.83
93823,Gwinn,Carolina Royal Ravens,97,70,11718,1.26
93823,SlasheR,Carolina Royal Ravens,97,81,12307,1.17
93823,TJHaLy,Carolina Royal Ravens,79,82,10389,1.05
93823,Vivid,Carolina Royal Ravens,73,72,10800,0.99
93824,Lucky,Miami Heretics,52,80,8291,0.87
93824,MettalZ,Miami Heretics,67,82,9989,0.96
93824,ReeaL,Miami Heretics,108,72,12240,1.35
93824,RenKoR,Miami Heretics,98,80,12507,1.24
93824,04,Vancouver Surge,84,76,11154,1.01
93824,Abuzah,Vancouver Surge,79,80,11078,0.9
93824,Hicksy,Vancouver Surge,74,88,9955,0.78
93824,Nastie,Vancouver Surge,75,81,9776,0.9
93825,Attach,Cloud9 New York,49,60,6747,0.72
93825,Kremp,Cloud9 New York,44,57,5910,0.68
93825,Mack,Cloud9 New York,54,65,7417,0.69
93825,Sib,Cloud9 New York,50,65,6735,0.72
93825,Dashy,OpTic Texas,56,51,7801,1.27
93825,Kenny,OpTic Texas,52,55,6371,1.21
93825,Pred,OpTic Texas,67,53,7462,1.23
93825,Shotzzy,OpTic Texas,71,38,7106,1.47
93826,aBeZy,Atlanta FaZe,92,93,11145,0.88
93826,Cellium,Atlanta FaZe,89,92,12999,0.85
93826,Drazah,Atlanta FaZe,88,102,11616,0.76
93826,Simp,Atlanta FaZe,96,97,11850,0.92
93826,Envoy,Los Angeles Thieves,100,87,11635,1.17
93826,Ghosty,Los Angeles Thieves,90,86,12366,1.11
93826,HyDra,Los Angeles Thieves,108,101,12371,1.2
93826,Scrap,Los Angeles Thieves,86,91,13358,1.11
93827,Envoy,Los Angeles Thieves,76,85,9624,0.92
93827,Ghosty,Los Angeles Thieves,80,84,10782,0.99
93827,HyDra,Los Angeles Thieves,97,88,10642,1.05
93827,Scrap,Los Angeles Thieves,101,83,13626,1.14
93827,KiSMET,LA Guerrillas M8,99,90,10599,1.05
93827,Lynz,LA Guerrillas M8,96,88,11314,1.08
93827,Priestahh,LA Guerrillas M8,71,92,8971,0.82
93827,Skyz,LA Guerrillas M8,74,84,10165,0.95
93828,Attach,Cloud9 New York,67,68,8585,1.13
93828,Kremp,Cloud9 New York,77,73,8741,1.1
93828,Mack,Cloud9 New York,85,73,9780,1.09
93828,Sib,Cloud9 New York,61,81,9421,0.94
93828,Estreal,Minnesota RØKKR,78,69,9506,1.04
93828,Gio,Minnesota RØKKR,72,73,9234,0.9
93828,Nero,Minnesota RØKKR,85,73,9672,1.01
93828,PaulEhx,Minnesota RØKKR,60,75,8627,0.8
93829,Lucky,Miami Heretics,87,83,11527,1.05
93829,MettalZ,Miami Heretics,92,94,12514,1.01
93829,ReeaL,Miami Heretics,86,86,10443,1.01
93829,RenKoR,Miami Heretics,96,86,12557,1.1
93829,Cammy,Boston Breach,74,93,10086,0.89
93829,Owakening,Boston Breach,96,81,12000,1.06
93829,Purj,Boston Breach,92,95,12856,0.93
93829,Snoopy,Boston Breach,87,93,10505,0.96
93830,Dashy,OpTic Texas,93,70,12060,1.31
93830,Huke,OpTic Texas,89,79,10943,1.25
93830,Kenny,OpTic Texas,80,87,10048,1.14
93830,Shotzzy,OpTic Texas,99,70,10892,1.28
93830,04,Vancouver Surge,75,89,9480,0.73
93830,Abuzah,Vancouver Surge,91,87,11294,0.86
93830,Hicksy,Vancouver Surge,61,99,8999,0.63
93830,Nastie,Vancouver Surge,78,87,10114,0.8
93831,Beans,Toronto Ultra,54,56,7215,1.18
93831,CleanX,Toronto Ultra,67,49,7690,1.33
93831,Insight,Toronto Ultra,43,47,6802,1.1
93831,JoeDeceives,Toronto Ultra,55,53,6676,1.19
93831,Exnid,Vegas Falcons,50,58,6627,0.79
93831,Khhx,Vegas Falcons,53,51,6797,0.85
93831,KingAbody,Vegas Falcons,53,59,6146,0.78
93831,Roxas,Vegas Falcons,48,51,7597,0.76
93832,Dashy,OpTic Texas,110,95,15723,1.22
93832,Huke,OpTic Texas,80,103,10618,0.91
93832,Kenny,OpTic Texas,93,102,12849,1.0
93832,Shotzzy,OpTic Texas,104,106,11567,1.02
93832,KiSMET,LA Guerrillas M8,119,96,14036,1.09
93832,Lynz,LA Guerrillas M8,98,105,11628,0.91
93832,Priestahh,LA Guerrillas M8,100,97,14484,0.94
93832,Skyz,LA Guerrillas M8,88,89,11565,0.92
93833,Gwinn,Carolina Royal Ravens,65,46,7880,1.41
93833,SlasheR,Carolina Royal Ravens,52,53,8515,1.23
93833,TJHaLy,Carolina Royal Ravens,73,52,8137,1.41
93833,Vivid,Carolina Royal Ravens,58,52,6621,1.27
93833,aBeZy,Atlanta FaZe,45,68,6670,0.54
93833,Cellium,Atlanta FaZe,53,62,7384,0.67
93833,Drazah,Atlanta FaZe,52,64,6829,0.73
93833,Simp,Atlanta FaZe,53,54,6493,0.74
93834,Cammy,Boston Breach,78,74,10233,1.03
93834,Owakening,Boston Breach,82,78,11611,1.01
93834,Purj,Boston Breach,92,93,10859,1.03
93834,Snoopy,Boston Breach,92,82,9505,1.04
93834,04,Vancouver Surge,82,88,9972,0.94
93834,Abuzah,Vancouver Surge,78,83,11595,0.94
93834,Hicksy,Vancouver Surge,82,91,10113,0.99
93834,Nastie,Vancouver Surge,84,84,11358,1.02
93835,Beans,Toronto Ultra,90,86,13077,1.19
93835,CleanX,Toronto Ultra,106,93,12946,1.22
93835,Insight,Toronto Ultra,84,84,11042,1.2
93835,JoeDeceives,Toronto Ultra,91,83,11412,1.23
93835,Lucky,Miami Heretics,89,89,11822,0.82
93835,MettalZ,Miami Heretics,90,96,11567,0.81
93835,ReeaL,Miami Heretics,84,94,10568,0.77
93835,RenKoR,Miami Heretics,83,92,12865,0.76
93836,aBeZy,Atlanta FaZe,90,73,10067,1.29
93836,Cellium,Atlanta FaZe,67,64,9608,1.13
93836,Drazah,Atlanta FaZe,79,70,10070,1.13
93836,Simp,Atlanta FaZe,91,69,11056,1.33
93836,Exnid,Vegas Falcons,71,82,8885,0.77
93836,Khhx,Vegas Falcons,87,71,11283,0.98
93836,KingAbody,Vegas Falcons,54,92,8128,0.61
93836,Roxas,Vegas Falcons,64,82,8528,0.75
93837,Gwinn,Carolina Royal Ravens,107,82,12440,1.24
93837,SlasheR,Carolina Royal Ravens,98,76,12838,1.2
93837,TJHaLy,Carolina Royal Ravens,82,75,10703,1.19
93837,Vivid,Carolina Royal Ravens,82,82,10218,1.11
93837,Attach,Cloud9 New York,67,86,10624,0.8
93837,Kremp,Cloud9 New York,95,90,10832,0.95
93837,Mack,Cloud9 New York,86,93,10605,0.86
93837,Sib,Cloud9 New York,67,101,10586,0.64
93838,Envoy,Los Angeles Thieves,88,97,11985,0.88
93838,Ghosty,Los Angeles Thieves,97,95,11844,0.96
93838,HyDra,Los Angeles Thieves,94,104,11750,0.91
93838,Scrap,Los Angeles Thieves,110,92,13265,1.11
93838,Estreal,Minnesota RØKKR,80,94,10950,0.99
93838,Gio,Minnesota RØKKR,101,88,11941,1.14
93838,Nero,Minnesota RØKKR,109,109,12304,1.03
93838,PaulEhx,Minnesota RØKKR,98,98,13132,0.98
93839,Estreal,Minnesota RØKKR,81,72,9586,1.05
93839,Gio,Minnesota RØKKR,83,68,11477,1.13
93839,Nero,Minnesota RØKKR,87,79,10505,1.07
93839,PaulEhx,Minnesota RØKKR,77,80,10231,1.04
93839,KiSMET,LA Guerrillas M8,79,91,9897,0.91
93839,Lynz,LA Guerrillas M8,86,79,9631,1.03
93839,Priestahh,LA Guerrillas M8,58,80,8410,0.79
93839,Skyz,LA Guerrillas M8,76,78,10139,0.98
93840,Lucky,Miami Heretics,62,78,9997,0.82
93840,MettalZ,Miami Heretics,64,81,8007,0.73
93840,ReeaL,Miami Heretics,71,72,8736,0.92
93840,RenKoR,Miami Heretics,73,71,9336,0.94
93840,aBeZy,Atlanta FaZe,75,77,9184,1.08
93840,Cellium,Atlanta FaZe,63,68,9898,1.04
93840,Drazah,Atlanta FaZe,80,60,9665,1.24
93840,Simp,Atlanta FaZe,84,65,9935,1.23
93841,Dashy,OpTic Texas,70,52,8877,1.22
93841,Huke,OpTic Texas,56,54,7990,1.02
93841,Kenny,OpTic Texas,49,57,6422,0.94
93841,Shotzzy,OpTic Texas,69,54,7775,1.27
93841,D7oomx,Vegas Falcons,46,67,6774,0.78
93841,Exnid,Vegas Falcons,74,64,7547,1.02
93841,Roxas,Vegas Falcons,50,60,6575,0.85
93841,WXSL,Vegas Falcons,46,56,6890,0.9
93842,04,Vancouver Surge,48,63,5332,0.71
93842,Abuzah,Vancouver Surge,55,61,6866,0.78
93842,Hicksy,Vancouver Surge,51,54,7037,0.88
93842,Nastie,Vancouver Surge,44,61,6328,0.73
93842,Attach,Cloud9 New York,59,49,6708,1.18
93842,Kremp,Cloud9 New York,64,51,7791,1.28
93842,Mack,Cloud9 New York,71,53,7429,1.28
93842,Sib,Cloud9 New York,45,46,6934,1.16
93843,Beans,Toronto Ultra,95,84,11305,1.08
93843,CleanX,Toronto Ultra,99,102,12015,1.01
93843,Insight,Toronto Ultra,79,86,9922,0.94
93843,JoeDeceives,Toronto Ultra,86,93,11882,0.93
93843,Estreal,Minnesota RØKKR,101,88,11378,1.09
93843,Gio,Minnesota RØKKR,88,89,10685,0.98
93843,Nero,Minnesota RØKKR,102,94,12335,1.11
93843,PaulEhx,Minnesota RØKKR,74,90,11632,0.87
93844,Cammy,Boston Breach,82,95,10944,0.92
93844,Owakening,Boston Breach,67,88,10945,0.91
93844,Purj,Boston Breach,94,91,11555,1.17
93844,Snoopy,Boston Breach,96,78,11056,1.17
93844,Dashy,OpTic Texas,94,85,12497,1.03
93844,Huke,OpTic Texas,85,73,9976,0.99
93844,Kenny,OpTic Texas,91,91,11760,0.97
93844,Shotzzy,OpTic Texas,81,90,9997,0.84
93845,Gwinn,Carolina Royal Ravens,90,94,11268,1.04
93845,SlasheR,Carolina Royal Ravens,85,77,11755,1.07
93845,TJHaLy,Carolina Royal Ravens,109,91,12225,1.17
93845,Vivid,Carolina Royal Ravens,89,105,11766,0.95
93845,Attach,Cloud9 New York,94,82,11512,1.03
93845,Kremp,Cloud9 New York,91,91,11337,0.97
93845,Mack,Cloud9 New York,88,100,10756,0.82
93845,Sib,Cloud9 New York,94,100,12819,0.96
93846,Envoy,Los Angeles Thieves,68,93,8925,0.76
93846,Ghosty,Los Angeles Thieves,88,85,10549,0.98
93846,HyDra,Los Angeles Thieves,82,91,10623,0.9
93846,Scrap,Los Angeles Thieves,91,91,11991,0.97
93846,aBeZy,Atlanta FaZe,112,90,12857,1.21
93846,Cellium,Atlanta FaZe,90,76,11765,1.09
93846,Drazah,Atlanta FaZe,82,83,10054,1.07
93846,Simp,Atlanta FaZe,75,80,9047,1.02
93847,Estreal,Minnesota RØKKR,105,99,12708,1.06
93847,Gio,Minnesota RØKKR,100,91,12760,1.03
93847,Nero,Minnesota RØKKR,93,102,11974,0.93
93847,PaulEhx,Minnesota RØKKR,94,111,12706,0.88
93847,aBeZy,Atlanta FaZe,99,99,12181,0.96
93847,Cellium,Atlanta FaZe,99,90,13931,1.04
93847,Drazah,Atlanta FaZe,101,97,13506,1.06
93847,Simp,Atlanta FaZe,103,106,12464,1.04
93848,Dashy,OpTic Texas,110,88,13578,1.11
93848,Huke,OpTic Texas,107,88,12637,1.12
93848,Kenny,OpTic Texas,91,101,12490,0.9
93848,Shotzzy,OpTic Texas,107,97,12225,1.15
93848,Gwinn,Carolina Royal Ravens,104,106,12775,0.98
93848,SlasheR,Carolina Royal Ravens,91,99,11928,0.96
93848,TJHaLy,Carolina Royal Ravens,91,107,12308,0.87
93848,Vivid,Carolina Royal Ravens,88,103,12045,0.91
93849,aBeZy,Atlanta FaZe,85,80,11210,1.24
93849,Cellium,Atlanta FaZe,93,61,11483,1.36
93849,Drazah,Atlanta FaZe,57,77,8566,1.0
93849,Simp,Atlanta FaZe,97,75,10154,1.26
93849,Gwinn,Carolina Royal Ravens,75,82,8534,0.78
93849,SlasheR,Carolina Royal Ravens,75,73,9489,0.91
93849,TJHaLy,Carolina Royal Ravens,71,92,9465,0.74
93849,Vivid,Carolina Royal Ravens,72,85,10432,0.71
93850,KiSMET,LA Guerrillas M8,63,67,7687,0.9
93850,Lynz,LA Guerrillas M8,66,62,7879,1.08
93850,Priestahh,LA Guerrillas M8,62,50,7907,1.18
93850,Skyz,LA Guerrillas M8,58,60,7826,1.04
93850,Attach,Cloud9 New York,69,59,8843,1.04
93850,Kremp,Cloud9 New York,54,59,6805,0.9
93850,Mack,Cloud9 New York,59,66,7634,0.95
93850,Sib,Cloud9 New York,57,65,9249,0.9
93851,D7oomx,Vegas Falcons,75,99,10629,0.82
93851,Exnid,Vegas Falcons,81,81,10109,0.9
93851,Roxas,Vegas Falcons,72,98,10244,0.75
93851,WXSL,Vegas Falcons,64,76,8856,0.85
93851,Dashy,OpTic Texas,84,79,11624,1.07
93851,Huke,OpTic Texas,95,60,10692,1.32
93851,Kenny,OpTic Texas,84,83,11270,1.09
93851,Shotzzy,OpTic Texas,91,70,10804,1.21
93852,Estreal,Minnesota RØKKR,108,88,12504,1.09
93852,Gio,Minnesota RØKKR,97,87,11908,1.01
93852,Nero,Minnesota RØKKR,85,108,11065,0.83
93852,PaulEhx,Minnesota RØKKR,59,83,9280,0.8
93852,Beans,Toronto Ultra,98,88,13161,1.1
93852,CleanX,Toronto Ultra,100,90,12213,1.11
93852,Insight,Toronto Ultra,77,82,9918,0.94
93852,JoeDeceives,Toronto Ultra,91,90,11212,1.11
93853,04,Vancouver Surge,85,88,10193,1.03
93853,Abuzah,Vancouver Surge,94,76,11986,1.16
93853,Hicksy,Vancouver Surge,73,86,9149,0.97
93853,Nastie,Vancouver Surge,80,70,10080,1.1
93853,D7oomx,Vegas Falcons,73,87,9884,0.85
93853,Exnid,Vegas Falcons,97,90,11936,1.04
93853,Roxas,Vegas Falcons,65,88,8989,0.77
93853,WXSL,Vegas Falcons,85,67,10682,1.08
93854,Attach,Cloud9 New York,76,87,11423,0.95
93854,Kremp,Cloud9 New York,94,85,11051,1.06
93854,Mack,Cloud9 New York,92,82,10927,1.1
93854,Sib,Cloud9 New York,90,78,11168,1.06
93854,Lucky,Miami Heretics,76,88,9185,0.9
93854,MettalZ,Miami Heretics,97,89,10774,1.1
93854,ReeaL,Miami Heretics,78,88,10105,0.87
93854,RenKoR,Miami Heretics,80,87,11292,0.97
93855,Cammy,Boston Breach,97,81,11391,1.13
93855,Owakening,Boston Breach,76,88,10870,0.96
93855,Purj,Boston Breach,113,89,12000,1.28
93855,Snoopy,Boston Breach,101,91,12911,1.17
93855,Gwinn,Carolina Royal Ravens,97,92,11930,0.95
93855,SlasheR,Carolina Royal Ravens,69,93,8760,0.74
93855,TJHaLy,Carolina Royal Ravens,94,101,11743,0.91
93855,Vivid,Carolina Royal Ravens,89,101,11829,0.86
93856,KiSMET,LA Guerrillas M8,81,87,9901,0.94
93856,Lynz,LA Guerrillas M8,82,78,10015,1.05
93856,Priestahh,LA Guerrillas M8,79,75,8990,0.99
93856,Skyz,LA Guerrillas M8,75,76,9696,0.95
93856,Beans,Toronto Ultra,85,81,10719,1.04
93856,CleanX,Toronto Ultra,80,82,10028,1.06
93856,Insight,Toronto Ultra,61,80,8991,0.87
93856,JoeDeceives,Toronto Ultra,90,75,10402,1.09
93857,Envoy,Los Angeles Thieves,83,88,10818,0.91
93857,Ghosty,Los Angeles Thieves,70,87,9321,0.82
93857,HyDra,Los Angeles Thieves,80,85,9590,0.91
93857,Scrap,Los Angeles Thieves,78,90,10554,0.94
93857,Dashy,OpTic Texas,79,81,11419,1.03
93857,Huke,OpTic Texas,99,71,11298,1.2
93857,Kenny,OpTic Texas,67,80,9392,0.96
93857,Shotzzy,OpTic Texas,104,79,11021,1.21
93858,Estreal,Minnesota RØKKR,82,77,10061,0.97
93858,Gio,Minnesota RØKKR,59,75,7705,0.7
93858,Nero,Minnesota RØKKR,76,84,10247,0.85
93858,PaulEhx,Minnesota RØKKR,48,83,7247,0.59
93858,aBeZy,Atlanta FaZe,81,74,9578,1.21
93858,Cellium,Atlanta FaZe,87,62,11077,1.34
93858,Drazah,Atlanta FaZe,79,66,10084,1.17
93858,Simp,Atlanta FaZe,72,63,8484,1.16
93859,Gwinn,Carolina Royal Ravens,113,81,13073,1.13
93859,SlasheR,Carolina Royal Ravens,87,84,11587,1.0
93859,TJHaLy,Carolina Royal Ravens,96,95,11434,0.91
93859,Vivid,Carolina Royal Ravens,78,93,11229,0.84
93859,04,Vancouver Surge,104,91,11234,1.19
93859,Abuzah,Vancouver Surge,78,98,10780,0.89
93859,Hicksy,Vancouver Surge,91,96,11442,1.06
93859,Nastie,Vancouver Surge,80,89,10786,0.98
93860,Lucky,Miami Heretics,81,78,9995,0.94
93860,MettalZ,Miami Heretics,70,94,9301,0.7
93860,ReeaL,Miami Heretics,79,83,10475,0.93
93860,RenKoR,Miami Heretics,82,88,10337,0.85
93860,Envoy,Los Angeles Thieves,71,83,9114,1.0
93860,Ghosty,Los Angeles Thieves,97,79,11570,1.21
93860,HyDra,Los Angeles Thieves,85,81,10998,1.14
93860,Scrap,Los Angeles Thieves,90,69,11893,1.23
93861,Cammy,Boston Breach,53,56,6713,0.79
93861,Owakening,Boston Breach,44,60,6596,0.68
93861,Purj,Boston Breach,52,59,6443,0.77
93861,Snoopy,Boston Breach,50,64,5723,0.72
93861,aBeZy,Atlanta FaZe,46,57,6167,1.04
93861,Cellium,Atlanta FaZe,63,42,8281,1.36
93861,Drazah,Atlanta FaZe,64,53,7844,1.34
93861,Simp,Atlanta FaZe,66,47,7095,1.31
93862,04,Vancouver Surge,138,113,15722,1.22
93862,Abuzah,Vancouver Surge,108,115,14125,0.97
93862,Hicksy,Vancouver Surge,93,122,12446,0.9
93862,Nastie,Vancouver Surge,115,110,14599,1.11
93862,Estreal,Minnesota RØKKR,129,105,15626,1.11
93862,Gio,Minnesota RØKKR,121,98,13906,1.04
93862,Nero,Minnesota RØKKR,120,126,15001,0.9
93862,PaulEhx,Minnesota RØKKR,90,125,13617,0.76
93863,D7oomx,Vegas Falcons,62,57,8823,0.95
93863,Exnid,Vegas Falcons,48,66,5702,0.64
93863,KiinG,Vegas Falcons,58,64,7545,0.89
93863,Roxas,Vegas Falcons,41,57,5416,0.67
93863,KiSMET,LA Guerrillas M8,68,50,7842,1.37
93863,Lynz,LA Guerrillas M8,70,61,8392,1.18
93863,Priestahh,LA Guerrillas M8,58,51,7512,1.25
93863,Skyz,LA Guerrillas M8,47,47,6960,1.04
93864,Lucky,Miami Heretics,81,88,10694,0.98
93864,MettalZ,Miami Heretics,80,87,10372,0.93
93864,ReeaL,Miami Heretics,92,83,10988,1.13
93864,RenKoR,Miami Heretics,87,94,12437,1.04
93864,Gwinn,Carolina Royal Ravens,78,92,9921,0.89
93864,SlasheR,Carolina Royal Ravens,68,79,10062,0.95
93864,TJHaLy,Carolina Royal Ravens,109,81,12526,1.11
93864,Vivid,Carolina Royal Ravens,96,88,12969,0.98
93865,Cammy,Boston Breach,50,88,8565,0.69
93865,Owakening,Boston Breach,67,77,9754,0.94
93865,Purj,Boston Breach,68,84,8403,0.92
93865,Snoopy,Boston Breach,103,84,10438,1.17
93865,Envoy,Los Angeles Thieves,84,76,9062,1.09
93865,Ghosty,Los Angeles Thieves,78,65,10031,1.03
93865,HyDra,Los Angeles Thieves,82,76,9957,0.99
93865,Scrap,Los Angeles Thieves,89,71,11578,1.16
93866,aBeZy,Atlanta FaZe,94,89,11174,1.16
93866,Cellium,Atlanta FaZe,109,76,12293,1.28
93866,Drazah,Atlanta FaZe,92,85,12710,1.09
93866,Simp,Atlanta FaZe,89,99,11338,1.06
93866,Attach,Cloud9 New York,77,98,10980,0.77
93866,Kremp,Cloud9 New York,99,102,12407,0.85
93866,Mack,Cloud9 New York,97,97,12078,0.92
93866,Sib,Cloud9 New York,76,87,10392,0.86
93867,Beans,Toronto Ultra,78,92,10685,0.87
93867,CleanX,Toronto Ultra,96,94,11576,0.93
93867,Insight,Toronto Ultra,76,95,10606,0.79
93867,JoeDeceives,Toronto Ultra,82,97,9956,0.83
93867,Dashy,OpTic Texas,96,88,12527,1.06
93867,Huke,OpTic Texas,100,73,11621,1.27
93867,Kenny,OpTic Texas,92,91,11719,1.05
93867,Shotzzy,OpTic Texas,90,80,9843,1.2
93868,Cammy,Boston Breach,39,54,6638,0.67
93868,Owakening,Boston Breach,38,49,6232,0.74
93868,Purj,Boston Breach,38,62,5068,0.48
93868,Snoopy,Boston Breach,52,57,5773,0.71
93868,aBeZy,Atlanta FaZe,58,41,6504,1.39
93868,Cellium,Atlanta FaZe,48,36,6660,1.23
93868,Drazah,Atlanta FaZe,56,44,6890,1.39
93868,Simp,Atlanta FaZe,60,46,6803,1.39
93869,Beans,Toronto Ultra,54,48,7437,1.11
93869,CleanX,Toronto Ultra,72,51,8155,1.35
93869,Insight,Toronto Ultra,49,55,6385,1.07
93869,JoeDeceives,Toronto Ultra,76,60,9133,1.23
93869,04,Vancouver Surge,57,64,7033,0.81
93869,Abuzah,Vancouver Surge,59,62,8475,0.81
93869,Hicksy,Vancouver Surge,48,61,6564,0.86
93869,Nastie,Vancouver Surge,50,64,6764,0.76
93870,Gwinn,Carolina Royal Ravens,66,69,7505,0.72
93870,SlasheR,Carolina Royal Ravens,55,65,7864,0.7
93870,TJHaLy,Carolina Royal Ravens,58,81,8293,0.61
93870,Vivid,Carolina Royal Ravens,51,82,7462,0.54
93870,Envoy,Los Angeles Thieves,73,54,8974,1.38
93870,Ghosty,Los Angeles Thieves,77,60,9303,1.39
93870,HyDra,Los Angeles Thieves,60,60,7764,1.22
93870,Scrap,Los Angeles Thieves,86,56,9648,1.43
93871,Dashy,OpTic Texas,100,88,13717,1.06
93871,Huke,OpTic Texas,95,82,10936,1.07
93871,Kenny,OpTic Texas,86,96,11725,0.95
93871,Shotzzy,OpTic Texas,88,93,11212,1.03
93871,Lucky,Miami Heretics,83,90,11631,0.92
93871,MettalZ,Miami Heretics,89,91,11070,0.98
93871,ReeaL,Miami Heretics,96,87,12267,1.06
93871,RenKoR,Miami Heretics,88,101,11297,0.93
93872,D7oomx,Vegas Falcons,46,67,7507,0.7
93872,Exnid,Vegas Falcons,63,62,7295,0.86
93872,KiinG,Vegas Falcons,72,70,8844,0.91
93872,Roxas,Vegas Falcons,51,64,7947,0.86
93872,Gwinn,Carolina Royal Ravens,65,54,8187,1.2
93872,SlasheR,Carolina Royal Ravens,51,53,7495,1.02
93872,TJHaLy,Carolina Royal Ravens,75,60,9274,1.31
93872,Vivid,Carolina Royal Ravens,72,65,8747,1.13
93873,Estreal,Minnesota RØKKR,79,83,10486,1.11
93873,Gio,Minnesota RØKKR,104,73,12208,1.29
93873,Nero,Minnesota RØKKR,98,80,11443,1.29
93873,PaulEhx,Minnesota RØKKR,81,86,11799,1.09
93873,04,Vancouver Surge,90,102,10920,0.79
93873,Abuzah,Vancouver Surge,86,98,12857,0.79
93873,Hicksy,Vancouver Surge,66,81,8922,0.79
93873,Nastie,Vancouver Surge,79,82,9801,0.85
93874,KiSMET,LA Guerrillas M8,94,85,10915,1.05
93874,Lynz,LA Guerrillas M8,89,79,10398,1.12
93874,Priestahh,LA Guerrillas M8,84,83,10094,1.02
93874,Skyz,LA Guerrillas M8,74,78,10369,0.98
93874,Dashy,OpTic Texas,71,87,9636,0.92
93874,Huke,OpTic Texas,76,75,9018,0.92
93874,Kenny,OpTic Texas,88,93,11641,0.94
93874,Shotzzy,OpTic Texas,90,86,11370,1.04
93875,Attach,Cloud9 New York,88,77,10871,1.04
93875,Kremp,Cloud9 New York,84,89,9962,1.0
93875,Mack,Cloud9 New York,96,95,12109,1.04
93875,Sib,Cloud9 New York,102,83,13807,1.17
93875,Cammy,Boston Breach,74,98,10824,0.79
93875,Owakening,Boston Breach,94,88,12477,1.01
93875,Purj,Boston Breach,86,103,11053,0.91
93875,Snoopy,Boston Breach,90,81,10136,1.03
93876,Gwinn,Carolina Royal Ravens,80,70,9630,1.17
93876,SlasheR,Carolina Royal Ravens,72,67,9355,1.1
93876,TJHaLy,Carolina Royal Ravens,92,76,10274,1.21
93876,Vivid,Carolina Royal Ravens,83,78,10872,1.07
93876,Dashy,OpTic Texas,69,83,9629,0.81
93876,Huke,OpTic Texas,82,78,9889,0.97
93876,Kenny,OpTic Texas,68,85,9511,0.77
93876,Shotzzy,OpTic Texas,72,81,8829,0.9
93877,Estreal,Minnesota RØKKR,102,86,12109,1.13
93877,Gio,Minnesota RØKKR,100,85,11580,1.18
93877,Nero,Minnesota RØKKR,90,94,11305,1.01
93877,PaulEhx,Minnesota RØKKR,83,91,10782,0.94
93877,Attach,Cloud9 New York,74,91,9767,0.88
93877,Kremp,Cloud9 New York,104,93,12188,1.08
93877,Mack,Cloud9 New York,87,102,11008,0.82
93877,Sib,Cloud9 New York,91,89,11876,0.96
93878,Envoy,Los Angeles Thieves,74,63,8838,1.21
93878,Ghosty,Los Angeles Thieves,63,54,7970,1.37
93878,HyDra,Los Angeles Thieves,66,58,8642,1.18
93878,Scrap,Los Angeles Thieves,58,57,8335,1.12
93878,Lucky,Miami Heretics,56,62,8895,0.76
93878,MettalZ,Miami Heretics,53,73,6655,0.62
93878,ReeaL,Miami Heretics,66,67,7933,0.9
93878,RenKoR,Miami Heretics,57,59,8478,0.84
93879,Beans,Toronto Ultra,55,59,8553,0.92
93879,CleanX,Toronto Ultra,62,68,7315,0.76
93879,Insight,Toronto Ultra,65,55,7490,1.04
93879,JoeDeceives,Toronto Ultra,53,70,7022,0.77
93879,aBeZy,Atlanta FaZe,56,61,7397,1.08
93879,Cellium,Atlanta FaZe,66,56,8309,1.2
93879,Drazah,Atlanta FaZe,63,61,7884,1.09
93879,Simp,Atlanta FaZe,65,57,8084,1.14
93880,Lucky,Miami Heretics,84,88,11985,1.05
93880,MettalZ,Miami Heretics,98,99,12710,1.08
93880,ReeaL,Miami Heretics,86,97,11497,0.95
93880,RenKoR,Miami Heretics,101,94,13480,1.08
93880,Estreal,Minnesota RØKKR,80,90,11434,0.89
93880,Gio,Minnesota RØKKR,101,89,12771,1.04
93880,Nero,Minnesota RØKKR,106,96,12050,1.01
93880,PaulEhx,Minnesota RØKKR,91,94,12792,0.91
93881,Beans,Toronto Ultra,101,84,14055,1.16
93881,CleanX,Toronto Ultra,97,102,11437,1.01
93881,Insight,Toronto Ultra,89,86,12350,1.04
93881,JoeDeceives,Toronto Ultra,96,91,11777,1.05
93881,Gwinn,Carolina Royal Ravens,86,96,11248,0.89
93881,SlasheR,Carolina Royal Ravens,86,88,12128,0.91
93881,TJHaLy,Carolina Royal Ravens,98,95,12183,1.01
93881,Vivid,Carolina Royal Ravens,93,104,13340,0.93
93882,Lucky,Miami Heretics,85,70,10666,1.04
93882,MettalZ,Miami Heretics,72,90,9238,1.0
93882,ReeaL,Miami Heretics,92,84,10499,1.1
93882,RenKoR,Miami Heretics,78,75,10566,0.98
93882,Gwinn,Carolina Royal Ravens,86,83,11038,0.96
93882,SlasheR,Carolina Royal Ravens,76,73,9581,1.05
93882,TJHaLy,Carolina Royal Ravens,75,82,8815,0.91
93882,Vivid,Carolina Royal Ravens,82,89,11940,0.96
93883,Envoy,Los Angeles Thieves,85,91,10560,0.94
93883,Ghosty,Los Angeles Thieves,92,88,11614,0.99
93883,HyDra,Los Angeles Thieves,96,91,12082,1.02
93883,Scrap,Los Angeles Thieves,106,93,13787,1.15
93883,aBeZy,Atlanta FaZe,91,102,11956,0.96
93883,Cellium,Atlanta FaZe,85,90,11357,0.94
93883,Drazah,Atlanta FaZe,88,92,10773,0.98
93883,Simp,Atlanta FaZe,98,95,12167,1.02
93884,Envoy,Los Angeles Thieves,70,44,7886,1.44
93884,Ghosty,Los Angeles Thieves,47,44,6210,1.17
93884,HyDra,Los Angeles Thieves,62,44,7719,1.41
93884,Scrap,Los Angeles Thieves,61,49,7686,1.35
93884,Lucky,Miami Heretics,45,58,6274,0.68
93884,MettalZ,Miami Heretics,42,65,6536,0.55
93884,ReeaL,Miami Heretics,56,59,6504,0.75
93884,RenKoR,Miami Heretics,38,58,5678,0.65
93885,aBeZy,Atlanta FaZe,121,125,14193,1.06
93885,Cellium,Atlanta FaZe,121,107,17151,1.09
93885,Drazah,Atlanta FaZe,124,121,16222,1.09
93885,Simp,Atlanta FaZe,113,116,13843,1.11
93885,Envoy,Los Angeles Thieves,118,117,13547,0.88
93885,Ghosty,Los Angeles Thieves,107,122,14553,0.92
93885,HyDra,Los Angeles Thieves,117,125,14779,0.87
93885,Scrap,Los Angeles Thieves,127,115,17932,0.99
93886,Envoy,Los Angeles Thieves,57,59,7852,1.2
93886,Ghosty,Los Angeles Thieves,59,53,7172,1.27
93886,HyDra,Los Angeles Thieves,58,54,6744,1.25
93886,Scrap,Los Angeles Thieves,61,54,7296,1.29
93886,Gwinn,Carolina Royal Ravens,71,57,8696,0.84
93886,SlasheR,Carolina Royal Ravens,54,54,6936,0.79
93886,TJHaLy,Carolina Royal Ravens,56,62,6425,0.75
93886,Vivid,Carolina Royal Ravens,39,62,6324,0.61
93887,Cammy,Boston Breach,108,77,11891,1.37
93887,Owakening,Boston Breach,71,82,10315,1.02
93887,Purj,Boston Breach,79,87,10383,1.1
93887,Snoopy,Boston Breach,83,77,9601,1.19
93887,D7oomx,Vegas Falcons,71,74,10633,0.86
93887,Exnid,Vegas Falcons,87,87,10224,0.86
93887,KiinG,Vegas Falcons,94,88,11075,0.88
93887,WXSL,Vegas Falcons,71,92,8989,0.71
93888,aBeZy,Atlanta FaZe,82,81,10395,0.82
93888,Cellium,Atlanta FaZe,76,80,10022,0.8
93888,Drazah,Atlanta FaZe,84,90,11384,0.79
93888,Simp,Atlanta FaZe,74,89,9026,0.8
93888,04,Vancouver Surge,67,83,8755,0.99
93888,Abuzah,Vancouver Surge,81,80,11206,1.25
93888,Nastie,Vancouver Surge,98,69,11464,1.33
93888,Neptune,Vancouver Surge,93,84,10354,1.22
93889,KiSMET,LA Guerrillas M8,103,86,11305,1.05
93889,Lynz,LA Guerrillas M8,92,86,10618,1.04
93889,Priestahh,LA Guerrillas M8,81,85,9966,0.99
93889,Skyz,LA Guerrillas M8,83,85,12996,1.02
93889,Cammy,Boston Breach,86,90,11262,1.0
93889,Owakening,Boston Breach,73,94,10025,0.82
93889,Purj,Boston Breach,85,91,11884,1.0
93889,Snoopy,Boston Breach,97,84,11395,1.08
93890,Lucky,Miami Heretics,71,94,9106,0.69
93890,ReeaL,Miami Heretics,88,92,10594,0.91
93890,RenKoR,Miami Heretics,94,89,11781,0.91
93890,SupeR,Miami Heretics,70,88,9796,0.85
93890,Estreal,Minnesota RØKKR,83,79,9757,1.04
93890,Gio,Minnesota RØKKR,88,82,10981,1.17
93890,Nero,Minnesota RØKKR,100,79,11789,1.27
93890,PaulEhx,Minnesota RØKKR,91,83,11341,1.16
93891,aBeZy,Atlanta FaZe,41,42,5796,1.11
93891,Cellium,Atlanta FaZe,55,38,6723,1.26
93891,Drazah,Atlanta FaZe,61,48,7903,1.3
93891,Simp,Atlanta FaZe,63,47,6751,1.4
93891,Dashy,OpTic Texas,37,57,5425,0.62
93891,Kenny,OpTic Texas,36,54,5285,0.77
93891,Pred,OpTic Texas,53,53,6434,0.82
93891,Shotzzy,OpTic Texas,49,57,6109,0.72
93892,Attach,Cloud9 New York,54,53,7102,1.22
93892,Kremp,Cloud9 New York,61,55,6639,1.13
93892,Mack,Cloud9 New York,59,51,6922,1.3
93892,Sib,Cloud9 New York,60,45,7975,1.21
93892,Beans,Toronto Ultra,55,56,7170,0.83
93892,CleanX,Toronto Ultra,42,62,5597,0.68
93892,Insight,Toronto Ultra,45,59,6700,0.76
93892,JoeDeceives,Toronto Ultra,62,57,7062,0.87
93893,D7oomx,Vegas Falcons,81,65,11564,1.06
93893,Exnid,Vegas Falcons,65,83,7696,0.69
93893,KiinG,Vegas Falcons,70,85,9225,0.8
93893,WXSL,Vegas Falcons,65,80,8135,0.79
93893,Envoy,Los Angeles Thieves,71,76,8647,1.08
93893,Ghosty,Los Angeles Thieves,79,64,9799,1.2
93893,HyDra,Los Angeles Thieves,92,68,9113,1.27
93893,Scrap,Los Angeles Thieves,70,73,11061,1.11
93894,Gwinn,Carolina Royal Ravens,85,94,10635,0.84
93894,SlasheR,Carolina Royal Ravens,78,90,11268,0.9
93894,TJHaLy,Carolina Royal Ravens,83,97,10643,0.79
93894,Vivid,Carolina Royal Ravens,92,81,11527,1.01
93894,Beans,Toronto Ultra,83,80,11698,1.11
93894,CleanX,Toronto Ultra,87,93,10317,1.0
93894,Insight,Toronto Ultra,82,85,10971,1.04
93894,JoeDeceives,Toronto Ultra,109,80,12140,1.31
93895,04,Vancouver Surge,100,86,11188,1.22
93895,Abuzah,Vancouver Surge,76,86,11183,0.99
93895,Nastie,Vancouver Surge,85,93,11064,1.07
93895,Neptune,Vancouver Surge,110,99,12842,1.11
93895,Attach,Cloud9 New York,83,87,10956,0.88
93895,Kremp,Cloud9 New York,102,95,11177,0.99
93895,Mack,Cloud9 New York,86,100,11234,0.83
93895,Sib,Cloud9 New York,93,89,13034,0.91
93896,Dashy,OpTic Texas,73,73,10409,0.96
93896,Kenny,OpTic Texas,53,90,8424,0.59
93896,Pred,OpTic Texas,75,72,8953,0.91
93896,Shotzzy,OpTic Texas,69,74,7156,0.93
93896,Estreal,Minnesota RØKKR,74,64,9137,1.14
93896,Gio,Minnesota RØKKR,68,66,8443,1.12
93896,Nero,Minnesota RØKKR,90,75,10316,1.21
93896,PaulEhx,Minnesota RØKKR,77,65,9359,1.14
93897,Estreal,Minnesota RØKKR,51,51,6493,1.01
93897,Gio,Minnesota RØKKR,41,51,5600,0.76
93897,Nero,Minnesota RØKKR,44,53,5446,0.7
93897,PaulEhx,Minnesota RØKKR,50,57,7164,0.84
93897,Gwinn,Carolina Royal Ravens,62,43,6761,1.31
93897,SlasheR,Carolina Royal Ravens,48,44,6373,1.13
93897,TJHaLy,Carolina Royal Ravens,50,52,6620,1.11
93897,Vivid,Carolina Royal Ravens,51,47,6892,1.15
93898,Lucky,Miami Heretics,49,47,7346,1.02
93898,MettalZ,Miami Heretics,61,56,7225,1.2
93898,ReeaL,Miami Heretics,64,53,7245,1.19
93898,RenKoR,Miami Heretics,48,54,6844,1.04
93898,KiSMET,LA Guerrillas M8,61,62,6893,0.89
93898,Lunarz,LA Guerrillas M8,43,49,6390,0.84
93898,Lynz,LA Guerrillas M8,55,58,6887,0.84
93898,Skyz,LA Guerrillas M8,50,53,7844,0.98
93899,D7oomx,Vegas Falcons,41,48,5386,0.69
93899,Exnid,Vegas Falcons,42,53,4813,0.54
93899,KiinG,Vegas Falcons,37,49,5115,0.59
93899,WXSL,Vegas Falcons,39,43,5187,0.71
93899,Attach,Cloud9 New York,44,35,5570,1.31
93899,Kremp,Cloud9 New York,57,43,6676,1.46
93899,Mack,Cloud9 New York,46,42,4993,1.37
93899,Sib,Cloud9 New York,46,39,6845,1.33
93900,aBeZy,Atlanta FaZe,84,74,10302,1.23
93900,Cellium,Atlanta FaZe,96,66,11927,1.34
93900,Drazah,Atlanta FaZe,88,73,11857,1.27
93900,Simp,Atlanta FaZe,107,66,11718,1.42
93900,Lucky,Miami Heretics,63,92,9711,0.67
93900,MettalZ,Miami Heretics,71,93,9118,0.69
93900,ReeaL,Miami Heretics,69,102,8832,0.67
93900,RenKoR,Miami Heretics,76,88,10231,0.7
93901,Gwinn,Carolina Royal Ravens,62,48,6926,1.44
93901,SlasheR,Carolina Royal Ravens,53,43,6256,1.36
93901,TJHaLy,Carolina Royal Ravens,60,39,6482,1.45
93901,Vivid,Carolina Royal Ravens,42,50,6335,1.15
93901,Dashy,OpTic Texas,41,58,6358,0.59
93901,Kenny,OpTic Texas,45,57,5863,0.64
93901,Pred,OpTic Texas,41,52,5358,0.62
93901,Shotzzy,OpTic Texas,53,50,6167,0.75
93902,KiSMET,LA Guerrillas M8,92,97,11840,0.91
93902,Lunarz,LA Guerrillas M8,95,88,11211,1.0
93902,Lynz,LA Guerrillas M8,92,88,10806,0.99
93902,Skyz,LA Guerrillas M8,65,91,9796,0.83
93902,04,Vancouver Surge,77,87,9124,0.97
93902,Abuzah,Vancouver Surge,86,88,10784,1.03
93902,Nastie,Vancouver Surge,87,82,11581,1.14
93902,Neptune,Vancouver Surge,114,87,12934,1.14
93903,Beans,Toronto Ultra,83,98,11649,1.01
93903,CleanX,Toronto Ultra,103,89,12042,1.11
93903,Insight,Toronto Ultra,87,84,11868,0.95
93903,JoeDeceives,Toronto Ultra,100,104,12333,1.01
93903,Cammy,Boston Breach,92,94,13284,0.95
93903,Owakening,Boston Breach,80,97,12069,0.87
93903,Purj,Boston Breach,92,93,10840,0.97
93903,Snoopy,Boston Breach,111,89,12160,1.13
93904,Estreal,Minnesota RØKKR,52,29,6330,1.41
93904,Gio,Minnesota RØKKR,46,28,5216,1.4
93904,Nero,Minnesota RØKKR,50,47,5746,1.32
93904,PaulEhx,Minnesota RØKKR,39,46,5646,1.18
93904,D7oomx,Vegas Falcons,45,46,6100,0.69
93904,Exnid,Vegas Falcons,33,49,4552,0.61
93904,KiinG,Vegas Falcons,33,45,4792,0.68
93904,WXSL,Vegas Falcons,39,47,5235,0.72
93905,Beans,Toronto Ultra,59,72,8770,0.69
93905,CleanX,Toronto Ultra,58,77,8394,0.6
93905,Insight,Toronto Ultra,60,66,7834,0.8
93905,JoeDeceives,Toronto Ultra,83,76,9322,0.79
93905,Envoy,Los Angeles Thieves,77,65,9181,1.26
93905,Ghosty,Los Angeles Thieves,58,60,7978,1.11
93905,HyDra,Los Angeles Thieves,83,64,9534,1.46
93905,Scrap,Los Angeles Thieves,73,71,8665,1.29
93906,Attach,Cloud9 New York,43,28,4952,1.43
93906,Kremp,Cloud9 New York,50,31,5856,1.4
93906,Mack,Cloud9 New York,40,31,4735,1.38
93906,Sib,Cloud9 New York,51,27,6327,1.45
93906,Cammy,Boston Breach,24,48,4711,0.53
93906,Owakening,Boston Breach,30,43,4918,0.64
93906,Purj,Boston Breach,31,49,4179,0.54
93906,Snoopy,Boston Breach,32,44,3601,0.64
93907,Cammy,Boston Breach,66,90,9923,0.75
93907,Owakening,Boston Breach,82,88,10979,0.86
93907,Purj,Boston Breach,91,94,11126,0.85
93907,Snoopy,Boston Breach,98,91,11252,0.91
93907,04,Vancouver Surge,81,87,9728,1.05
93907,Abuzah,Vancouver Surge,94,82,12383,1.21
93907,Nastie,Vancouver Surge,94,78,11575,1.22
93907,Neptune,Vancouver Surge,94,90,11360,1.14
93908,Dashy,OpTic Texas,75,71,11133,1.12
93908,Kenny,OpTic Texas,74,71,9034,1.18
93908,Pred,OpTic Texas,80,69,9295,1.19
93908,Shotzzy,OpTic Texas,68,75,8124,1.04
93908,D7oomx,Vegas Falcons,64,71,8995,0.86
93908,Exnid,Vegas Falcons,72,76,9796,0.87
93908,KiinG,Vegas Falcons,90,75,10156,0.97
93908,WXSL,Vegas Falcons,60,75,8222,0.76
93909,Estreal,Minnesota RØKKR,101,84,11322,1.1
93909,Gio,Minnesota RØKKR,98,77,12031,1.16
93909,Nero,Minnesota RØKKR,96,95,12066,1.04
93909,PaulEhx,Minnesota RØKKR,70,87,11495,0.88
93909,Attach,Cloud9 New York,83,86,10482,0.9
93909,Kremp,Cloud9 New York,88,89,10594,1.01
93909,Mack,Cloud9 New York,78,95,9855,0.91
93909,Sib,Cloud9 New York,94,95,13567,1.01
93910,Lucky,Miami Heretics,70,87,10229,0.88
93910,MettalZ,Miami Heretics,80,86,9766,0.89
93910,ReeaL,Miami Heretics,92,75,11153,1.01
93910,RenKoR,Miami Heretics,96,80,13096,1.06
93910,KiSMET,LA Guerrillas M8,87,90,11144,0.98
93910,Lunarz,LA Guerrillas M8,79,85,11636,1.01
93910,Lynz,LA Guerrillas M8,89,85,10626,1.09
93910,Priestahh,LA Guerrillas M8,73,79,9848,1.07
93911,aBeZy,Atlanta FaZe,83,94,10983,0.9
93911,Cellium,Atlanta FaZe,85,83,11135,0.93
93911,Drazah,Atlanta FaZe,87,92,11469,0.93
93911,Simp,Atlanta FaZe,103,86,11697,1.1
93911,04,Vancouver Surge,74,97,8364,0.93
93911,Abuzah,Vancouver Surge,78,91,10876,0.89
93911,Nastie,Vancouver Surge,101,77,13098,1.22
93911,Neptune,Vancouver Surge,101,93,12672,1.09
93912,Beans,Toronto Ultra,68,60,8698,1.24
93912,CleanX,Toronto Ultra,59,63,7853,1.18
93912,Insight,Toronto Ultra,66,53,8519,1.3
93912,JoeDeceives,Toronto Ultra,77,59,8467,1.46
93912,Dashy,OpTic Texas,71,65,9893,0.87
93912,Kenny,OpTic Texas,49,70,7053,0.62
93912,Pred,OpTic Texas,58,65,6795,0.66
93912,Shotzzy,OpTic Texas,57,70,7703,0.67
93913,Envoy,Los Angeles Thieves,80,64,9980,1.22
93913,Ghosty,Los Angeles Thieves,57,64,8069,1.0
93913,HyDra,Los Angeles Thieves,90,69,10245,1.21
93913,Scrap,Los Angeles Thieves,82,69,9337,1.21
93913,Attach,Cloud9 New York,71,75,9308,0.89
93913,Kremp,Cloud9 New York,69,78,8508,0.85
93913,Mack,Cloud9 New York,51,79,8165,0.71
93913,Sib,Cloud9 New York,74,77,9250,0.89
93914,Gwinn,Carolina Royal Ravens,58,58,7534,1.07
93914,SlasheR,Carolina Royal Ravens,62,46,8484,1.32
93914,TJHaLy,Carolina Royal Ravens,63,54,7796,1.27
93914,Vivid,Carolina Royal Ravens,60,54,7451,1.15
93914,KiSMET,LA Guerrillas M8,67,65,7442,0.96
93914,Lunarz,LA Guerrillas M8,46,53,6791,0.81
93914,Lynz,LA Guerrillas M8,60,58,7126,0.83
93914,Priestahh,LA Guerrillas M8,39,67,6105,0.6
93915,Envoy,Los Angeles Thieves,58,48,7451,1.24
93915,Ghosty,Los Angeles Thieves,49,49,6359,1.15
93915,HyDra,Los Angeles Thieves,56,47,7085,1.3
93915,Scrap,Los Angeles Thieves,56,48,7498,1.29
93915,Gwinn,Carolina Royal Ravens,49,58,6320,0.74
93915,SlasheR,Carolina Royal Ravens,56,58,8153,0.76
93915,TJHaLy,Carolina Royal Ravens,47,57,5695,0.72
93915,Vivid,Carolina Royal Ravens,40,46,5899,0.79
93916,04,Vancouver Surge,66,53,7226,1.17
93916,Abuzah,Vancouver Surge,57,58,7670,1.1
93916,Nastie,Vancouver Surge,55,47,7335,1.06
93916,Neptune,Vancouver Surge,73,55,8131,1.26
93916,Beans,Toronto Ultra,52,63,7664,0.79
93916,CleanX,Toronto Ultra,57,63,7018,0.87
93916,Insight,Toronto Ultra,55,58,7198,0.92
93916,JoeDeceives,Toronto Ultra,49,67,6339,0.82
93917,Envoy,Los Angeles Thieves,126,127,16340,0.99
93917,Ghosty,Los Angeles Thieves,109,111,14566,1.04
93917,HyDra,Los Angeles Thieves,130,109,14757,1.1
93917,Scrap,Los Angeles Thieves,122,124,16279,1.02
93917,04,Vancouver Surge,103,124,12235,0.9
93917,Abuzah,Vancouver Surge,130,115,16253,1.09
93917,Nastie,Vancouver Surge,121,114,15973,0.97
93917,Neptune,Vancouver Surge,116,134,13897,0.9
93918,04,Vancouver Surge,48,67,6399,0.78
93918,Abuzah,Vancouver Surge,59,67,8077,0.81
93918,Nastie,Vancouver Surge,51,66,6457,0.79
93918,Neptune,Vancouver Surge,75,65,9002,0.94
93918,Envoy,Los Angeles Thieves,52,60,6726,0.99
93918,Ghosty,Los Angeles Thieves,58,55,7476,1.2
93918,HyDra,Los Angeles Thieves,72,56,8458,1.21
93918,Scrap,Los Angeles Thieves,82,62,10116,1.27
93919,Beans,Toronto Ultra,64,55,9034,1.19
93919,CleanX,Toronto Ultra,86,63,9541,1.39
93919,Insight,Toronto Ultra,50,57,7298,1.03
93919,JoeDeceives,Toronto Ultra,67,60,8004,1.2
93919,D7oomx,Vegas Falcons,56,61,8612,0.83
93919,Exnid,Vegas Falcons,69,64,8450,0.89
93919,KiinG,Vegas Falcons,61,74,8182,0.77
93919,WXSL,Vegas Falcons,49,68,6993,0.7
93920,Attach,Cloud9 New York,47,30,6237,1.25
93920,Kremp,Cloud9 New York,47,41,5728,1.39
93920,Mack,Cloud9 New York,47,46,5682,1.2
93920,Sib,Cloud9 New York,55,32,6734,1.42
93920,KiSMET,LA Guerrillas M8,42,50,5839,0.71
93920,Lunarz,LA Guerrillas M8,36,49,4936,0.69
93920,Lynz,LA Guerrillas M8,36,48,5210,0.69
93920,Priestahh,LA Guerrillas M8,35,50,5043,0.65
93921,aBeZy,Atlanta FaZe,63,40,6537,1.4
93921,Cellium,Atlanta FaZe,47,37,6475,1.33
93921,Drazah,Atlanta FaZe,38,48,5819,1.05
93921,Simp,Atlanta FaZe,64,47,7657,1.45
93921,Estreal,Minnesota RØKKR,59,50,6425,0.84
93921,Gio,Minnesota RØKKR,39,49,5513,0.69
93921,Nero,Minnesota RØKKR,41,63,5999,0.58
93921,PaulEhx,Minnesota RØKKR,33,50,5456,0.67
93922,Attach,Cloud9 New York,64,77,9088,0.85
93922,Kremp,Cloud9 New York,69,90,9126,0.75
93922,Mack,Cloud9 New York,79,89,9719,0.9
93922,Sib,Cloud9 New York,82,77,10706,0.92
93922,Gwinn,Carolina Royal Ravens,108,74,12447,1.34
93922,SlasheR,Carolina Royal Ravens,68,68,9520,1.09
93922,TJHaLy,Carolina Royal Ravens,86,74,10642,1.16
93922,Vivid,Carolina Royal Ravens,71,78,9605,1.0
93923,Envoy,Los Angeles Thieves,51,53,5653,1.2
93923,Ghosty,Los Angeles Thieves,51,39,6619,1.24
93923,HyDra,Los Angeles Thieves,64,44,6486,1.5
93923,Scrap,Los Angeles Thieves,60,44,8112,1.35
93923,Cammy,Boston Breach,43,59,5646,0.56
93923,Owakening,Boston Breach,52,51,6507,0.8
93923,Purj,Boston Breach,40,60,6228,0.69
93923,Snoopy,Boston Breach,45,56,5537,0.65
93924,Dashy,OpTic Texas,54,58,8410,0.92
93924,Kenny,OpTic Texas,55,68,6506,0.86
93924,Pred,OpTic Texas,57,64,7217,0.87
93924,Shotzzy,OpTic Texas,71,63,8279,0.98
93924,Lucky,Miami Heretics,47,61,7100,0.89
93924,MettalZ,Miami Heretics,53,64,7802,0.9
93924,ReeaL,Miami Heretics,70,57,8085,1.22
93924,RenKoR,Miami Heretics,82,55,8969,1.36
93925,D7oomx,Vegas Falcons,43,53,6567,0.79
93925,Exnid,Vegas Falcons,55,53,6151,0.72
93925,KiinG,Vegas Falcons,50,47,5956,0.87
93925,WXSL,Vegas Falcons,36,48,5944,0.71
93925,KiSMET,LA Guerrillas M8,53,49,6853,1.26
93925,Lunarz,LA Guerrillas M8,45,47,6301,1.18
93925,Lynz,LA Guerrillas M8,59,42,7380,1.33
93925,Priestahh,LA Guerrillas M8,44,46,5742,1.14
93926,Lucky,Miami Heretics,71,82,9443,0.84
93926,MettalZ,Miami Heretics,89,79,11119,0.96
93926,ReeaL,Miami Heretics,89,77,10745,1.02
93926,RenKoR,Miami Heretics,76,76,10060,0.91
93926,04,Vancouver Surge,85,70,9618,1.23
93926,Abuzah,Vancouver Surge,77,85,10828,0.97
93926,Nastie,Vancouver Surge,67,79,9451,1.03
93926,Neptune,Vancouver Surge,85,91,11258,1.03
93927,Beans,Toronto Ultra,48,54,6740,1.1
93927,CleanX,Toronto Ultra,64,50,7716,1.33
93927,Insight,Toronto Ultra,57,44,7762,1.26
93927,JoeDeceives,Toronto Ultra,86,42,8764,1.65
93927,Dashy,OpTic Texas,49,63,7453,0.73
93927,Kenny,OpTic Texas,40,66,6333,0.62
93927,Pred,OpTic Texas,46,63,6031,0.61
93927,Shotzzy,OpTic Texas,55,63,6631,0.7
93928,Cammy,Boston Breach,94,100,13059,0.93
93928,Owakening,Boston Breach,99,92,13201,0.99
93928,Purj,Boston Breach,86,104,10703,0.85
93928,Snoopy,Boston Breach,88,102,10154,0.94
93928,aBeZy,Atlanta FaZe,101,100,12050,1.08
93928,Cellium,Atlanta FaZe,97,81,12755,1.1
93928,Drazah,Atlanta FaZe,100,95,12347,1.07
93928,Simp,Atlanta FaZe,99,91,12025,1.04
93929,Beans,Toronto Ultra,75,79,10984,0.97
93929,CleanX,Toronto Ultra,85,74,10203,1.08
93929,Insight,Toronto Ultra,68,80,9599,0.99
93929,JoeDeceives,Toronto Ultra,81,78,10005,1.06
93929,04,Vancouver Surge,65,79,7961,0.86
93929,Abuzah,Vancouver Surge,97,74,12320,1.15
93929,Nastie,Vancouver Surge,71,72,10190,0.99
93929,Neptune,Vancouver Surge,77,85,10202,0.9
93930,Envoy,Los Angeles Thieves,43,33,4758,1.35
93930,Ghosty,Los Angeles Thieves,47,31,5682,1.38
93930,HyDra,Los Angeles Thieves,55,33,6703,1.49
93930,Scrap,Los Angeles Thieves,50,33,5758,1.36
93930,Dashy,OpTic Texas,41,44,6124,0.74
93930,Kenny,OpTic Texas,17,53,3411,0.44
93930,Pred,OpTic Texas,37,48,4637,0.65
93930,Shotzzy,OpTic Texas,35,50,4437,0.58
93931,Gwinn,Carolina Royal Ravens,59,57,7771,1.16
93931,SlasheR,Carolina Royal Ravens,69,35,7806,1.4
93931,TJHaLy,Carolina Royal Ravens,63,46,7502,1.25
93931,Vivid,Carolina Royal Ravens,41,49,6405,1.08
93931,Lucky,Miami Heretics,36,59,6167,0.68
93931,MettalZ,Miami Heretics,37,66,5716,0.61
93931,ReeaL,Miami Heretics,51,54,6561,0.85
93931,RenKoR,Miami Heretics,63,53,7406,0.96
93932,Lucky,Miami Heretics,83,86,11338,0.85
93932,MettalZ,Miami Heretics,74,88,8623,0.81
93932,ReeaL,Miami Heretics,79,92,10322,0.82
93932,RenKoR,Miami Heretics,98,75,12501,1.06
93932,Cammy,Boston Breach,83,89,11998,1.1
93932,Owakening,Boston Breach,87,81,11678,1.15
93932,Purj,Boston Breach,87,87,10250,1.04
93932,Snoopy,Boston Breach,84,78,9562,1.16
93933,Envoy,Los Angeles Thieves,66,71,8481,1.08
93933,Ghosty,Los Angeles Thieves,80,56,9570,1.34
93933,HyDra,Los Angeles Thieves,79,79,9938,1.18
93933,Scrap,Los Angeles Thieves,74,67,9663,1.22
93933,Estreal,Minnesota RØKKR,74,69,8992,0.88
93933,Gio,Minnesota RØKKR,54,76,7979,0.69
93933,Nero,Minnesota RØKKR,75,81,9336,0.79
93933,PaulEhx,Minnesota RØKKR,70,73,9665,0.83
93934,D7oomx,Vegas Falcons,80,82,11162,0.89
93934,Exnid,Vegas Falcons,104,96,12514,0.96
93934,KiinG,Vegas Falcons,84,91,11573,0.86
93934,WXSL,Vegas Falcons,79,87,10312,0.9
93934,Gwinn,Carolina Royal Ravens,97,89,11307,1.14
93934,SlasheR,Carolina Royal Ravens,84,78,10694,1.08
93934,TJHaLy,Carolina Royal Ravens,94,94,11160,1.14
93934,Vivid,Carolina Royal Ravens,80,86,11268,1.03
93935,KiSMET,LA Guerrillas M8,91,94,11362,0.94
93935,Lunarz,LA Guerrillas M8,76,80,11706,0.99
93935,Lynz,LA Guerrillas M8,95,87,10901,1.02
93935,Priestahh,LA Guerrillas M8,78,88,9877,0.9
93935,aBeZy,Atlanta FaZe,89,94,10670,1.06
93935,Cellium,Atlanta FaZe,78,80,10564,0.95
93935,Drazah,Atlanta FaZe,104,80,12555,1.2
93935,Simp,Atlanta FaZe,78,86,9765,0.93
93936,KiSMET,LA Guerrillas M8,74,79,8850,0.82
93936,Lunarz,LA Guerrillas M8,64,73,8892,0.92
93936,Lynz,LA Guerrillas M8,56,84,8429,0.65
93936,Priestahh,LA Guerrillas M8,69,76,8611,0.84
93936,Dashy,OpTic Texas,83,63,11167,1.24
93936,Kenny,OpTic Texas,60,66,7299,1.04
93936,Pred,OpTic Texas,93,64,10059,1.32
93936,Shotzzy,OpTic Texas,76,71,9524,1.17
93937,Estreal,Minnesota RØKKR,90,73,10764,1.05
93937,Gio,Minnesota RØKKR,68,69,9395,0.94
93937,Nero,Minnesota RØKKR,61,90,8883,0.8
93937,PaulEhx,Minnesota RØKKR,68,86,9833,0.87
93937,04,Vancouver Surge,77,75,8791,1.02
93937,Abuzah,Vancouver Surge,78,64,11200,1.13
93937,Nastie,Vancouver Surge,72,65,9250,1.05
93937,Neptune,Vancouver Surge,91,84,10714,1.13
93938,Attach,Cloud9 New York,57,78,7582,0.8
93938,Kremp,Cloud9 New York,86,84,11035,0.98
93938,Mack,Cloud9 New York,67,92,8628,0.7
93938,Sib,Cloud9 New York,89,74,10654,0.98
93938,aBeZy,Atlanta FaZe,86,76,9793,1.17
93938,Cellium,Atlanta FaZe,91,69,11540,1.22
93938,Drazah,Atlanta FaZe,72,76,10099,1.06
93938,Simp,Atlanta FaZe,79,78,9186,1.09
93939,Gwinn,Carolina Royal Ravens,61,70,8115,0.78
93939,SlasheR,Carolina Royal Ravens,60,63,8454,0.9
93939,TJHaLy,Carolina Royal Ravens,74,80,9067,0.86
93939,Vivid,Carolina Royal Ravens,68,71,8128,0.84
93939,04,Vancouver Surge,74,70,8629,1.15
93939,Abuzah,Vancouver Surge,69,63,9201,1.18
93939,Nastie,Vancouver Surge,67,67,8617,1.12
93939,Neptune,Vancouver Surge,74,63,8419,1.18
93940,Beans,Toronto Ultra,53,67,8136,0.81
93940,CleanX,Toronto Ultra,63,65,8148,0.98
93940,Insight,Toronto Ultra,56,64,7177,0.85
93940,JoeDeceives,Toronto Ultra,72,70,8004,0.87
93940,Attach,Cloud9 New York,61,59,7013,1.08
93940,Kremp,Cloud9 New York,68,63,9026,1.03
93940,Mack,Cloud9 New York,71,60,7557,1.15
93940,Sib,Cloud9 New York,66,62,9097,1.22
93941,Envoy,Los Angeles Thieves,81,98,10413,0.9
93941,Ghosty,Los Angeles Thieves,87,87,11057,0.99
93941,HyDra,Los Angeles Thieves,91,96,10782,1.01
93941,Scrap,Los Angeles Thieves,101,94,12444,1.07
93941,Cammy,Boston Breach,98,90,12636,1.01
93941,Owakening,Boston Breach,92,90,11552,0.94
93941,Purj,Boston Breach,83,95,11053,0.92
93941,Snoopy,Boston Breach,101,85,11688,1.15
93942,aBeZy,Atlanta FaZe,53,51,7124,1.24
93942,Cellium,Atlanta FaZe,53,47,7068,1.26
93942,Drazah,Atlanta FaZe,61,44,7302,1.34
93942,Simp,Atlanta FaZe,66,52,7613,1.36
93942,Estreal,Minnesota RØKKR,57,61,6189,0.78
93942,Gio,Minnesota RØKKR,57,52,6613,0.77
93942,Nero,Minnesota RØKKR,48,60,6209,0.67
93942,PaulEhx,Minnesota RØKKR,32,60,5862,0.59
93943,Lucky,Miami Heretics,68,92,9003,0.75
93943,MettalZ,Miami Heretics,97,94,11578,0.92
93943,ReeaL,Miami Heretics,117,89,13509,1.15
93943,RenKoR,Miami Heretics,96,84,12529,1.01
93943,Envoy,Los Angeles Thieves,93,100,11692,1.01
93943,Ghosty,Los Angeles Thieves,76,89,9825,1.03
93943,HyDra,Los Angeles Thieves,98,96,11018,1.05
93943,Scrap,Los Angeles Thieves,92,93,13667,1.07
93944,D7oomx,Vegas Falcons,37,49,5285,0.65
93944,Exnid,Vegas Falcons,44,53,5999,0.78
93944,KiinG,Vegas Falcons,43,49,6121,0.76
93944,WXSL,Vegas Falcons,33,52,6540,0.67
93944,Gwinn,Carolina Royal Ravens,58,37,6892,1.39
93944,SlasheR,Carolina Royal Ravens,54,34,6595,1.39
93944,TJHaLy,Carolina Royal Ravens,50,45,5843,1.24
93944,Vivid,Carolina Royal Ravens,41,41,6101,1.11
93945,Dashy,OpTic Texas,56,40,7908,1.33
93945,Pred,OpTic Texas,54,48,6287,1.26
93945,Shotzzy,OpTic Texas,62,40,6671,1.52
93945,Skyz,OpTic Texas,37,50,5740,1.06
93945,Estreal,Minnesota RØKKR,49,55,6043,0.71
93945,Gio,Minnesota RØKKR,63,46,7124,0.91
93945,Nero,Minnesota RØKKR,32,54,5236,0.61
93945,PaulEhx,Minnesota RØKKR,34,54,6131,0.6
93946,KiSMET,LA Guerrillas M8,47,56,6113,0.69
93946,Lunarz,LA Guerrillas M8,47,57,5624,0.75
93946,Lynz,LA Guerrillas M8,39,51,4415,0.7
93946,Priestahh,LA Guerrillas M8,35,56,5770,0.64
93946,Beans,Toronto Ultra,55,35,6799,1.38
93946,CleanX,Toronto Ultra,64,45,7593,1.37
93946,Insight,Toronto Ultra,41,39,5708,1.13
93946,JoeDeceives,Toronto Ultra,60,50,6705,1.34
93947,Envoy,Los Angeles Thieves,52,37,6307,1.37
93947,Ghosty,Los Angeles Thieves,44,37,6028,1.32
93947,HyDra,Los Angeles Thieves,59,41,6429,1.48
93947,Scrap,Los Angeles Thieves,63,40,6996,1.58
93947,Gwinn,Carolina Royal Ravens,35,50,5188,0.6
93947,SlasheR,Carolina Royal Ravens,33,51,5013,0.55
93947,TJHaLy,Carolina Royal Ravens,49,59,5956,0.58
93947,Vivid,Carolina Royal Ravens,38,58,5122,0.53
93948,Dashy,OpTic Texas,52,56,7383,0.81
93948,Pred,OpTic Texas,62,59,6918,0.87
93948,Shotzzy,OpTic Texas,45,60,6129,0.77
93948,Skyz,OpTic Texas,49,63,7074,0.65
93948,Beans,Toronto Ultra,63,49,8432,1.37
93948,CleanX,Toronto Ultra,67,55,7595,1.3
93948,Insight,Toronto Ultra,50,55,6856,1.08
93948,JoeDeceives,Toronto Ultra,58,49,6603,1.15
93949,Cammy,Boston Breach,87,96,12740,0.9
93949,Owakening,Boston Breach,85,93,11783,1.0
93949,Purj,Boston Breach,88,99,10623,0.92
93949,Snoopy,Boston Breach,97,102,11732,0.96
93949,04,Vancouver Surge,101,89,12140,1.11
93949,Abuzah,Vancouver Surge,83,97,12506,0.88
93949,Nastie,Vancouver Surge,94,76,10415,1.14
93949,Neptune,Vancouver Surge,112,95,12995,1.09
93950,aBeZy,Atlanta FaZe,71,83,8079,1.05
93950,Cellium,Atlanta FaZe,84,70,10791,1.1
93950,Drazah,Atlanta FaZe,83,78,11505,1.01
93950,Simp,Atlanta FaZe,90,71,11050,1.22
93950,Attach,Cloud9 New York,53,79,8567,0.76
93950,Kremp,Cloud9 New York,89,77,11492,1.05
93950,Mack,Cloud9 New York,83,88,10431,0.92
93950,Sib,Cloud9 New York,77,84,9025,0.88
93951,Cammy,Boston Breach,55,63,7347,0.79
93951,Owakening,Boston Breach,51,58,7319,0.73
93951,Purj,Boston Breach,47,64,6536,0.72
93951,Snoopy,Boston Breach,46,57,5577,0.75
93951,Beans,Toronto Ultra,49,49,7162,1.17
93951,CleanX,Toronto Ultra,67,57,7252,1.24
93951,Insight,Toronto Ultra,55,44,6801,1.23
93951,JoeDeceives,Toronto Ultra,71,49,8184,1.37
93952,Attach,Cloud9 New York,47,50,6664,0.85
93952,Kremp,Cloud9 New York,58,57,6607,0.88
93952,Mack,Cloud9 New York,45,63,6033,0.74
93952,Sib,Cloud9 New York,59,58,8121,0.89
93952,Envoy,Los Angeles Thieves,59,61,7303,1.12
93952,Ghosty,Los Angeles Thieves,51,44,6770,1.15
93952,HyDra,Los Angeles Thieves,66,54,7673,1.29
93952,Scrap,Los Angeles Thieves,52,50,6786,1.07
93953,Beans,Toronto Ultra,49,41,6158,1.18
93953,CleanX,Toronto Ultra,48,48,5700,1.11
93953,Insight,Toronto Ultra,47,36,5205,1.21
93953,JoeDeceives,Toronto Ultra,56,38,6576,1.31
93953,Envoy,Los Angeles Thieves,38,56,4700,0.75
93953,Ghosty,Los Angeles Thieves,36,46,5169,0.83
93953,HyDra,Los Angeles Thieves,41,49,4293,0.73
93953,Scrap,Los Angeles Thieves,48,49,6468,0.88
93954,04,Vancouver Surge,90,88,11223,0.99
93954,Abuzah,Vancouver Surge,95,86,13727,1.05
93954,Nastie,Vancouver Surge,78,75,10360,1.01
93954,Neptune,Vancouver Surge,97,89,11694,1.1
93954,aBeZy,Atlanta FaZe,86,94,11164,0.98
93954,Cellium,Atlanta FaZe,89,76,11842,1.04
93954,Drazah,Atlanta FaZe,83,93,12037,0.92
93954,Simp,Atlanta FaZe,80,97,11172,0.9
93955,04,Vancouver Surge,76,83,9935,1.02
93955,Abuzah,Vancouver Surge,85,82,12861,1.14
93955,Nastie,Vancouver Surge,87,63,10500,1.24
93955,Neptune,Vancouver Surge,101,78,11488,1.3
93955,Beans,Toronto Ultra,86,84,11729,0.97
93955,CleanX,Toronto Ultra,72,98,10066,0.72
93955,Insight,Toronto Ultra,66,77,9174,0.81
93955,JoeDeceives,Toronto Ultra,82,90,10143,0.81
93956,aBeZy,Atlanta FaZe,79,79,9173,1.23
93956,Cellium,Atlanta FaZe,98,57,11779,1.52
93956,Drazah,Atlanta FaZe,83,65,10707,1.25
93956,Simp,Atlanta FaZe,83,80,10084,1.17
93956,04,Vancouver Surge,84,91,10143,0.78
93956,Abuzah,Vancouver Surge,58,82,8341,0.68
93956,Nastie,Vancouver Surge,63,77,9451,0.7
93956,Neptune,Vancouver Surge,76,94,10381,0.67
